{"cameraMode":{"drawMode":0,"name":"Shaded","section":"Shading Mode"},"sceneLighting":true,"audioPlay":false,"sceneViewState":{"showFog":true,"showMaterialUpdate":false,"showSkybox":true,"showFlares":true,"showImageEffects":true,"showParticleSystems":true},"in2DMode":false,"pivot":{"x":61.410335540771487,"y":3.031461715698242,"z":50.44639587402344},"rotation":{"x":-0.17284786701202393,"y":0.7809712290763855,"z":-0.2467258870601654,"w":-0.5471169948577881},"size":530.8113403320313,"orthographic":false}