{"cameraMode":{"drawMode":0,"name":"Shaded","section":"Shading Mode"},"sceneLighting":true,"audioPlay":false,"sceneViewState":{"showFog":true,"showMaterialUpdate":false,"showSkybox":true,"showFlares":true,"showImageEffects":true,"showParticleSystems":true},"in2DMode":false,"pivot":{"x":2.7733967304229738,"y":0.5998247861862183,"z":3.3447468280792238},"rotation":{"x":-0.14500309526920319,"y":0.8548620939254761,"z":-0.34392276406288149,"w":-0.3604224920272827},"size":3.3291730880737306,"orthographic":false}